0,Antoine,Bloyet,1
1,Paul,Louineaux,2
2,Viollette,Alexandre,3
3,Antoinette,deschamps,4
4,Fabien,Pinneau,5
5,Latimer,Routhier,6
6,Valentine,Collin,7
7,Astolpho,Achin,8
8,Mason,Lema,9
9,Aurore,Boucher,10
10,Moore,Boileau,11
11,Leala,Chatigny,12
12,Nanna,Goudreau,12
13,Fiacre,Desnoyer,3
14,Claudette,Caron,1
15,Solaine,Doucet,5
16,Holly,Houde,8
17,Norris,Maheu,10
18,Villette,Chenard,6
19,Claude,Laux,9
20,Felicienne,Brisette,5
21,Luc,Austin,10
22,Adrien,Marcil,8
23,Alain,Lamour,5
24,Kerman,Alexandre,1
25,christophe,bravo,3
26,Christiane,Beaulieu,7
27,Anton,Renaud,4
28,Royden,Robitaille,2
29,Pierpont,Narcisse,8
30,Tristan,Boda,2
